Code,Text
TS70414,Amazing Grace CPR
TS68082,"Code Blue CPR Services, LLC"
TS26570,Concierge Healthcare Training Services
TS95754,Devil Doc Gun Works & CPR Training
TS95146,Hazelwood School District
TS36620,Home Instead Brandon
TS61094,Home Instead Leesburg FL
TS57383,Home Instead Spring Hill
TS26398,Home Instead Tampa
TS74105,Home Instead Venice
TS81969,Home Instead Zephyrhills
TS91260,IronClad Protection Academy
TS32054,"LEADERS CPR, LLC"
TS22002,Maury Board of Education
TS51435,MBW Enterprises Inc.
TS71787,Nashville General Hospital
TS26258,PARA Z-AID LLC
TS96213,Pleasant View Fire Department
TS07022,Ready Set Rescue
TS49044,Rejuvenate Muncie LLC
TS86350,"Smith Services Company One, LLC"
TS17075,Sterile Technique Phlebotomy School LLC
TS38737,Team Centurion
TS56781,"True Samaritan, LLC"
TS18135,"YGETCERTIFIED, LLC"
